"","term","df","sumsq","meansq","statistic","p.value"
"1","sex",1,0.0936947667790528,0.0936947667790528,0.0138524367658979,0.906347958097875
"2","drug_treatment",2,3601.13871089193,1800.56935544597,266.207750938178,2.65342426939868e-83
"3","health_status",1,10788.9049519667,10788.9049519667,1595.10107936801,1.63597279678946e-170
"4","Residuals",595,4024.44618052895,6.76377509332596,NA,NA
